seed,variant_or_baseline,rmse_holdout,m_psi,m_dauroc
2000,V-FULL,0.111819155629592,0.9082706766917292,0.8
2000,V-A0,0.3730987394915644,,
2000,V-SOFT,0.5095541165726677,0.10676691729323308,0.75
2000,V-ORAC,0.0,0.9969924812030074,0.88
2000,B-POOL,0.3826843149498373,,
2000,B-ENVNN,0.6936508881482645,,
2000,B-MIXED,0.3470365950790961,,
2000,B-IRML,0.3795422401543218,,
2001,V-FULL,0.1606973288730064,0.7398496240601502,0.84
2001,V-A0,0.345797779957988,,
2001,V-SOFT,0.4241895350922716,-0.03909774436090225,0.84
2001,V-ORAC,0.0,0.993984962406015,0.92
2001,B-POOL,0.3693185403374868,,
2001,B-ENVNN,0.921434635703479,,
2001,B-MIXED,0.316840289538156,,
2001,B-IRML,0.3693603577617718,,
2002,V-FULL,0.1810892838830903,0.7774436090225564,0.93
2002,V-A0,0.3392115755078668,,
2002,V-SOFT,0.4185773611208129,0.6360902255639098,0.9500000000000001
2002,V-ORAC,0.0,1.0,0.97
2002,B-POOL,0.3479002150256248,,
2002,B-ENVNN,0.9312217050836284,,
2002,B-MIXED,0.3016795884381233,,
2002,B-IRML,0.3491187726405251,,
2003,V-FULL,0.2061015491846616,0.8872180451127819,0.98
2003,V-A0,0.3677094652781149,,
2003,V-SOFT,0.3695934849321159,0.8075187969924811,0.95
2003,V-ORAC,0.0,0.9984962406015038,0.95
2003,B-POOL,0.3948117102179803,,
2003,B-ENVNN,1.0708763999823028,,
2003,B-MIXED,0.3064710216871171,,
2003,B-IRML,0.3951036420242754,,
2004,V-FULL,0.1242850489326017,0.631578947368421,0.99
2004,V-A0,0.3618269294293641,,
2004,V-SOFT,0.3813749785087357,-0.10225563909774435,0.5299999999999999
2004,V-ORAC,0.0,0.9954887218045112,0.98
2004,B-POOL,0.3619179128063903,,
2004,B-ENVNN,0.7947311657405493,,
2004,B-MIXED,0.3427078782548905,,
2004,B-IRML,0.3590563996640377,,
2005,V-FULL,0.1473067270749953,0.7037593984962407,0.78
2005,V-A0,0.3448363507690316,,
2005,V-SOFT,0.3758387675261817,0.5203007518796992,0.66
2005,V-ORAC,0.0,0.9924812030075189,0.8300000000000001
2005,B-POOL,0.3500375178509331,,
2005,B-ENVNN,0.9515730697299278,,
2005,B-MIXED,0.3301856905898802,,
2005,B-IRML,0.3489211908105286,,
2006,V-FULL,0.1456715863437592,0.6270676691729322,0.8300000000000001
2006,V-A0,0.3918284022024509,,
2006,V-SOFT,0.463349625454527,0.4015037593984962,0.73
2006,V-ORAC,0.0,0.993984962406015,0.8600000000000001
2006,B-POOL,0.4118175734297285,,
2006,B-ENVNN,1.1247770905757095,,
2006,B-MIXED,0.3685039255700511,,
2006,B-IRML,0.4099140573736766,,
2007,V-FULL,0.0969325352671659,0.7578947368421052,0.93
2007,V-A0,0.3079715849764506,,
2007,V-SOFT,0.4734912940303945,0.43909774436090226,0.7100000000000001
2007,V-ORAC,0.0,0.9984962406015038,1.0
2007,B-POOL,0.3066933458728372,,
2007,B-ENVNN,0.6118683816860903,,
2007,B-MIXED,0.2886014132135343,,
2007,B-IRML,0.3025564828213866,,
2008,V-FULL,0.1067234818494488,0.7774436090225564,0.89
2008,V-A0,0.3129590116180874,,
2008,V-SOFT,0.4104790674780262,0.1969924812030075,0.51
2008,V-ORAC,0.0,1.0,0.96
2008,B-POOL,0.3151923176317138,,
2008,B-ENVNN,0.6125663119189997,,
2008,B-MIXED,0.3003559337999418,,
2008,B-IRML,0.3110333070321982,,
2009,V-FULL,0.1345253031789049,0.7578947368421052,0.8999999999999999
2009,V-A0,0.3853599955051153,,
2009,V-SOFT,0.4249936529140563,-0.19248120300751878,0.53
2009,V-ORAC,0.0,0.98796992481203,0.94
2009,B-POOL,0.3875823190468153,,
2009,B-ENVNN,0.6633734733124236,,
2009,B-MIXED,0.3765017282294381,,
2009,B-IRML,0.3809254734010309,,
2010,V-FULL,0.1904365705902654,0.7473684210526315,1.0
2010,V-A0,0.3835113105626672,,
2010,V-SOFT,0.4096304538503184,0.8466165413533834,0.9400000000000001
2010,V-ORAC,0.0,0.993984962406015,1.0
2010,B-POOL,0.3968359498381297,,
2010,B-ENVNN,1.2269554689237414,,
2010,B-MIXED,0.3148718916119062,,
2010,B-IRML,0.3971545445934114,,
2011,V-FULL,0.1122945790160729,0.806015037593985,0.81
2011,V-A0,0.3279200031997602,,
2011,V-SOFT,0.4115118052490434,0.25864661654135335,0.63
2011,V-ORAC,0.0,0.9969924812030074,0.95
2011,B-POOL,0.3297773616416782,,
2011,B-ENVNN,0.4935081612219557,,
2011,B-MIXED,0.309909083666584,,
2011,B-IRML,0.3251671732530616,,
2012,V-FULL,0.1497951915646629,0.837593984962406,0.77
2012,V-A0,0.3864278757220394,,
2012,V-SOFT,0.4737575044416598,0.4842105263157894,0.6000000000000001
2012,V-ORAC,0.0,0.9969924812030074,0.8400000000000001
2012,B-POOL,0.3934855412924802,,
2012,B-ENVNN,0.8367315202983562,,
2012,B-MIXED,0.3749326192474447,,
2012,B-IRML,0.3904880648070599,,
2013,V-FULL,0.1015535180583002,0.793984962406015,1.0
2013,V-A0,0.3717973039846272,,
2013,V-SOFT,0.531859264603269,-0.2902255639097744,0.64
2013,V-ORAC,0.0,0.9894736842105262,0.98
2013,B-POOL,0.3727002081273589,,
2013,B-ENVNN,0.4982925805309768,,
2013,B-MIXED,0.3489050463844753,,
2013,B-IRML,0.3706039623214381,,
2014,V-FULL,0.1183362360110408,0.9022556390977444,1.0
2014,V-A0,0.3365686328869279,,
2014,V-SOFT,0.5083701840612764,0.6827067669172932,1.0
2014,V-ORAC,0.0,0.9924812030075189,1.0
2014,B-POOL,0.3414950529116705,,
2014,B-ENVNN,0.9779026259690236,,
2014,B-MIXED,0.3023218024692004,,
2014,B-IRML,0.3397979198171,,
2015,V-FULL,0.1325109999184695,0.8451127819548873,0.85
2015,V-A0,0.3335326935390961,,
2015,V-SOFT,0.408857625191369,0.7353383458646616,0.8899999999999999
2015,V-ORAC,0.0,0.9969924812030074,0.95
2015,B-POOL,0.3339918259718665,,
2015,B-ENVNN,0.8093114466550839,,
2015,B-MIXED,0.2984517318508985,,
2015,B-IRML,0.3362766950863172,,
2016,V-FULL,0.1266130051305445,0.825563909774436,0.96
2016,V-A0,0.3493443129163086,,
2016,V-SOFT,0.4630624385032079,0.40751879699248117,0.8700000000000001
2016,V-ORAC,0.0,0.9984962406015038,0.96
2016,B-POOL,0.3572791643802309,,
2016,B-ENVNN,0.9405825434454,,
2016,B-MIXED,0.3353342865795356,,
2016,B-IRML,0.3549450265549634,,
2017,V-FULL,0.1000180839274257,0.9082706766917292,0.92
2017,V-A0,0.3004096854152664,,
2017,V-SOFT,0.4937835180838881,0.39999999999999997,0.75
2017,V-ORAC,0.0,0.9969924812030074,1.0
2017,B-POOL,0.3004985945697278,,
2017,B-ENVNN,0.5126944707643671,,
2017,B-MIXED,0.2697130370588644,,
2017,B-IRML,0.2981596197344183,,
2018,V-FULL,0.2659289634432212,0.7909774436090224,0.96
2018,V-A0,0.4035969867273258,,
2018,V-SOFT,0.4322317951446556,0.4541353383458646,0.87
2018,V-ORAC,0.0,0.9924812030075189,0.98
2018,B-POOL,0.4200497363203052,,
2018,B-ENVNN,1.4529470360828527,,
2018,B-MIXED,0.3317964391357991,,
2018,B-IRML,0.4211891151435694,,
2019,V-FULL,0.1647555382945809,0.5458646616541353,0.8500000000000001
2019,V-A0,0.3960122246260665,,
2019,V-SOFT,0.3892244645694387,0.312781954887218,0.73
2019,V-ORAC,0.0,1.0,0.84
2019,B-POOL,0.41011179734203,,
2019,B-ENVNN,0.9544535673584016,,
2019,B-MIXED,0.3671810360592842,,
2019,B-IRML,0.4101694813264592,,
2020,V-FULL,0.1457385222307707,0.675187969924812,0.8200000000000001
2020,V-A0,0.3825089611154417,,
2020,V-SOFT,0.4920874037260248,0.42556390977443603,0.7
2020,V-ORAC,0.0,0.9954887218045112,0.8
2020,B-POOL,0.3883344334722616,,
2020,B-ENVNN,1.0032711664560157,,
2020,B-MIXED,0.3526963579227461,,
2020,B-IRML,0.3895140208312745,,
2021,V-FULL,0.1873704055873629,0.6857142857142857,0.8200000000000001
2021,V-A0,0.3850917224033017,,
2021,V-SOFT,0.3804038608205201,0.5789473684210527,0.8
2021,V-ORAC,0.0,0.9909774436090224,0.8699999999999999
2021,B-POOL,0.3943573945195577,,
2021,B-ENVNN,1.432051272602895,,
2021,B-MIXED,0.3401041734780099,,
2021,B-IRML,0.3946289836914914,,
2022,V-FULL,0.1562185583656728,0.8917293233082706,1.0
2022,V-A0,0.3226597341440513,,
2022,V-SOFT,0.361608093882989,0.7428571428571428,0.9700000000000001
2022,V-ORAC,0.0,0.9984962406015038,1.0
2022,B-POOL,0.3687719478720619,,
2022,B-ENVNN,1.461409173000079,,
2022,B-MIXED,0.2921348634078016,,
2022,B-IRML,0.3697825783332369,,
2023,V-FULL,0.1736431223464173,0.7924812030075187,0.9
2023,V-A0,0.4206119039585396,,
2023,V-SOFT,0.3547748435439878,-0.08872180451127819,0.8999999999999999
2023,V-ORAC,0.0,0.9924812030075189,0.83
2023,B-POOL,0.4484455768240941,,
2023,B-ENVNN,1.1899761553648949,,
2023,B-MIXED,0.3893360185136694,,
2023,B-IRML,0.4514186957577613,,
2024,V-FULL,0.2052349202176688,0.8360902255639097,0.8899999999999999
2024,V-A0,0.3627893151270885,,
2024,V-SOFT,0.4442081884676617,0.6345864661654135,0.91
2024,V-ORAC,0.0,1.0,0.94
2024,B-POOL,0.3734679255252196,,
2024,B-ENVNN,2.0729235456052524,,
2024,B-MIXED,0.339799551485101,,
2024,B-IRML,0.3737292989181291,,
2025,V-FULL,0.101663476619195,0.8360902255639097,0.9
2025,V-A0,0.3692305789715664,,
2025,V-SOFT,0.4176004756873822,-0.1894736842105263,0.47
2025,V-ORAC,0.0,0.9984962406015038,0.9
2025,B-POOL,0.3680908181038728,,
2025,B-ENVNN,0.7758068329069366,,
2025,B-MIXED,0.3582909179224049,,
2025,B-IRML,0.3631174531818409,,
2026,V-FULL,0.2970376209377987,0.7037593984962407,0.74
2026,V-A0,0.4052920622222412,,
2026,V-SOFT,0.4505580312683502,0.4030075187969925,0.67
2026,V-ORAC,0.0,0.9969924812030074,0.81
2026,B-POOL,0.4204641432684561,,
2026,B-ENVNN,1.1410404184537797,,
2026,B-MIXED,0.3604542992381948,,
2026,B-IRML,0.4248082105242722,,
2027,V-FULL,0.1921293985398434,0.5187969924812029,0.8099999999999999
2027,V-A0,0.3861440134966431,,
2027,V-SOFT,0.520160230105104,0.003007518796992481,0.8599999999999999
2027,V-ORAC,0.0,0.9924812030075189,0.85
2027,B-POOL,0.4059920883579676,,
2027,B-ENVNN,1.2753747443141523,,
2027,B-MIXED,0.3429702796813353,,
2027,B-IRML,0.4080303328454784,,
2028,V-FULL,0.1472002846067956,0.7218045112781954,0.8099999999999999
2028,V-A0,0.3839349425574792,,
2028,V-SOFT,0.3759860943990787,-0.006015037593984962,0.6799999999999999
2028,V-ORAC,0.0,0.9924812030075189,0.83
2028,B-POOL,0.3960523613960665,,
2028,B-ENVNN,0.8646469664712289,,
2028,B-MIXED,0.3601919679482841,,
2028,B-IRML,0.3990903017032822,,
2029,V-FULL,0.1326847206438254,0.8210526315789473,0.94
2029,V-A0,0.3734532946115359,,
2029,V-SOFT,0.2875698052397923,0.07368421052631578,0.77
2029,V-ORAC,0.0,0.9984962406015038,0.96
2029,B-POOL,0.374367016203963,,
2029,B-ENVNN,0.7906803101049873,,
2029,B-MIXED,0.349549534603722,,
2029,B-IRML,0.3702870647966833,,
